SKU,Name,Barcode,SingleVolume,PackQty
100001,5X8 GY LIVE WIRE RUG,25592,5,8
100008,DM:BRIGHTON WHT TW BD P2 FB C2,23873,2.8,25
100013,EA:DIVIDED CANVAS SORTER,25592,14.4,3
100013,EA:DIVIDED CANVAS SORTER,24568,14.3,28
100020,STAINLESS STEEL PLANK SAVER,18172,12.3,26
100021,"MADISON DINNER 10.25""",25592,9.6,8
100023,4X6 GY LIVE WIRE RUG,24568,2.8,31
100055,GARMENT STORAGEBAG W/GREY TRIM,25592,9.6,4
100056,EA:SQUARE CANVAS BIN,24061,14.4,22
100064,FLOUR SIFTER 3.5 CUP,23473,12.7,21
100073,IZEL BLUE PLW CVR 18X18,19043,49,16
100075,DM:BRIGHTON WHT TW BD P3 RS C2,25175,9.8,4
100088,SP TOBY OTTOMAN REF GP2,23473,2.7,17
100089,MINI PIZZA STONES,25592,3.25,15
100099,REPLACEMENT FLATWARE TRAY,25592,3,24
100102,CANVAS TOTE,18172,1.2,23
100121,SP TOBY OTTOMAN REF GP3,22886,1.2,2
100128,STORAGEBAG W/GREY TRIM SMALL,25592,10.4,26
100129,"MADISON SALAD 8.5""",1002468,3.75,5
100130,NS:BRGHTN COF TW BD HDBD P1 C2,18172,18.75,18
100136,JETT 5PC PLACESETTING,23389,12,12
100138,SP TOBY OTTOMAN REF GP4,18172,62,14
100146,VICTOR GREY PLW CVR 18X18,25592,49.25,27
100153,BL WW SLUMBER PARTY CLOTHING,17377,31.5,23
100158,SP SOFA SO GOOD TW REF GP1,25592,31.5,13
100162,4X6 MU COLOR SWIRL RUG,18172,13.62,22
100164,T*:TATE CAL KING BED CHRCL C2,901,10.37,24
100178,STORAGEBAG W/GRY TRIM LARGE,18172,47.5,6
100181,NS:BRIGHTN COF TWN BD P2 FB C2,18172,20.8,10
100186,LAUF 5PC PLACESETTING,26319,4,3
100196,REPL FOX RATTLE ROUND ANIMAL,25592,6.38,26
100202,3 TIER GLASS SERVER,23702,17.3,12
100209,EA LAUF 20PC FLATWARE SET,23702,84.12,29
100217,"EAC CLAPBOARD MEDIA 60"" WHT P1",23702,25,28
100220,5X8 MU COLOR SWIRL RUG,25211,8.4,12
100225,EKOBREW SS ELITE K-CUP,23473,11,10
100226,MADISON CUP 8 OZ,25592,22.12,28
100231,8X10 MU COLOR SWIRL RUG,25592,25,7
100237,NS TATE CAL KG BD BOARDWALK C2,4695,10,26
100238,SAM-TW MB WALDEN BED,25592,8.37,24
100240,OVALE SERRATED CHEESE KNIFE,25798,59.38,24
100242,"MADISON SAUCER 6.25""",27394,10.2,18
100245,NS:BRIGHTON COF TW BD P3 RS C2,1001507,25,2
100259,ANTUCO SERVERS S/2,25592,17.2,15
100264,INTERNAL USE ONLY QA SAMPLES,6929,12,9
100267,CLIO SERVERS S/2,1001507,36,3
100270,T*:COLETTE II CL KG BD NTRL C2,25592,48.4,15
100282,PATZITE PLW CVR 36X16,24061,86.75,7
100290,NEON SPREADERS S/4,1001507,12.44,14
100295,SP SOFA SO GOOD TW REF GP2,25592,49.12,20
100300,NS COLETTE II CL KG BD ALBR C2,27394,10.2,14
100302,SP SOFA SO GOOD TW REF GP3,25592,5.5,26
100306,OLIVEWOOD LONG SPREADER,27394,13.54,12
100310,INTERNAL USE ONLY QA SAMPLES,1001507,10.4,19
100314,OLIVEWOOD PASTRY SERVER,25592,65.5,29
100322,OLIVEWOOD PASTRY KNIFE,26206,61.4,26
100324,SP SOFA SO GOOD TW REF GP4,1001507,6,6
100328,INTERNAL USE ONLY QA SAMPLES,25592,3.7,9
100336,SAMPLE MING ARMOIRE TOP P1,1001507,96,25
100348,MICROWAVE DISH 20.25OZ,25592,86.5,14
100353,SMPL MING MDIA ARMOIRE BASE P2,25592,43.88,14
100356,MUD GLOVE POMEGRANTE MEDIUM,25693,12.51,1
100358,"MADISON BOWL 5.25""",1001507,6,10
100382,"RPL SEGURO 68"" MEDIA CNSL SHLF",25916,84.25,29
100403,NS MUD GLOVE POMEGRANTE LARGE,1001507,13.1,15
100415,IMPRESSION HOLIDAY ORNAMENT,23967,1.13,30
100417,SAM-WH EXTRACRCLR TBL&ALL LEGS,25916,15,28
100423,SP/1062-CKB UPTOWN COCKTAIL OT,24061,86.25,12
100424,SAMPLE PARSONS SIDE BASE,1001507,18,1
100437,CB2 SMPL MAX OTTOMAN ORANGE,1001507,6,19
100453,CUISINART GREENGOURMET 10P ST,18083,36,32
100460,ILLUSTRATED BOOT BOX S/2,1545,86.5,13
100463,REPL R ANGL BRKT NO PL PLAYHOM,1001462,36,26
100474,RE ADVENT CALENDAR,18083,11.4,1
100487,"EAC CLAPBOARD MEDIA 60"" WHT P2",3487,1.13,12
100491,"48"" NA DOT TREE SKT",26577,11.62,2
100498,PARACHUTE MAN ASSORTED,26695,11.75,6
100500,SAM-PROD TW DE BYSDE PNL HB/FB,25972,34,14
100501,REPL STRT POLE CONN PLAYHOME,23347,1,24
100504,NA DOT STOCKING,24061,74.5,5
100515,SAM-PROD TW DE BYSDE PNL RL/SL,22443,7.7,26
100518,ACCESSORY HANGING CLIP/DISPLAY,21143,45.5,27
100526,"CLAPBOARD MEDIA 48"" WHITE P1",23347,9.6,1
100534,"FUSION WALL HANGING 42X42""",1001507,5.2,28
100535,SAMPLE STEPPE BAR,100096,23.25,19
100542,"CLAPBOARD MEDIA 48"" WHITE P2",24061,4.8,12
100544,"MADISON SERVE BOWL LARGE 9.75""",1001507,6.5,5
100546,SAMPLE STEPPE TRUNK,1001507,29,30
100555,DM:BRGHTN WHT FL BD P1 HDBD C2,100096,42,15
100568,PR HC I LOVE YOU,1001507,24,26
100576,MUGHAL RGMNT BLLYWD PT 58X28.5,23347,39,31
100579,REPL WID ANGL BRKT PLAYHOME,2950,24.8,23
100582,INTERNAL USE ONLY QA SAMPLES,24061,26.5,12
100592,LUGGAGE RACK,1001472,2.5,24
100598,DM:BRIGHTON WHT FL BD P2 FB C2,23347,25,13
100602,DM:BRIGHTON WHT FL BD P3 RS C2,23473,63.25,5
100614,SAM-TW MB UPTOWN HB/FB,25175,10,17
100622,SAM-TW MB UPTOWN RAILS/SLATS,23347,4,32
100642,SAM-PROD TW MB UPTOWN HB/FB,21143,47,15
100644,NS:BRGHTN COF FL BD P1 HDBD C2,525,3.5,22
100649,EA WIRE BIN YELLOW,1001507,9.5,28
100657,WIRE BIN GREY,25592,79,23
100665,9-PEG RACK WHITE,24061,3.75,23
100667,SAM-PROD TW MB UPTOWN RAILS,1001465,53.5,4
100668,REPL S/4 HRDWR ROCK EWE ROCKER,2950,1,7
100673,KRUPS WAFFLE MAKER,25321,20,18
100679,NS:BRIGHTON COF FL BD P2 FB C2,3857,51.5,1
100683,SAM-PROD TW MB UPTOWN SLATS,24061,10.6,26
100699,PR HC WHOSE BIRTHDAY IS IT?,1001507,27,6
100704,PR HC CHRISTMAS MOUSE,100161,65.12,10
100710,***BR WOODSTOCK BENCH,25623,1.13,18
100717,NS:BRIGHTON COF FL BD P3 RS C2,18261,1,29
100734,PALOMINO HORSE WALL ART,2950,3.88,14
100738,9-PEG RACK ASH,24061,1.13,23
100745,***WH WOODSTOCK PLAY TABLE,2950,27,5
100750,BL TRANSIT MAP PILLOW COVER,24061,65,9
100754,SP/C60-108102 FOLIO CH,26577,84,19
100764,UF HUMPTY DUMPTY WALL ART,22322,45,3
100771,UF UNDER THE SEA OCTOPUS ART,2950,78,21
100788,PINCH & POUR MEAS CUPS W/LIDS,100161,46,5
100796,EMULSTIR TM SALAD DRESSING MXR,26577,65.25,25
100800,CHOCOLATE CHIP SCONE MIX,26577,12,13
100802,UF UNDER THE SEA WHALE ART,22322,12,24
100816,***CAMP W EXPLORER PLAYHOUSE,18261,38,26
100819,PAPER SHAKE STRAWS S/25,23473,79,32
100827,CHERRY SCONE MIX,22322,2,18
100847,UF UNDER THE SEA TURTLE ART,100161,11.8,29
100848,LEMON & CURRANT SCONE MIX,2950,65.12,15
100850,LILA 50 SWATCH PACK,22322,42,24
100864,SAM-AS WISH BENCH JAZZBERY PNK,26577,1.13,15
100872,***BR WOODSTOCK PLAY TABLE,26577,1.13,8
100877,KRUGER CHAISE LNG W/ CUSH WHT,24767,39,13
100884,UF HELLO LOVE WALL ART,420,84.37,26
100885,OXO CLEAN CUT PIZZA CUTTER,24767,22.4,11
100893,KIRAN 50 SWATCH PACK,24767,38.25,30
100896,SAM-FNL TW WH GLZ TOPSIDE FRME,2950,52.75,13
100900,"MADISON PLTR OVL LRG 13X10.25""",24767,7,31
100906,UF LOVE IS IN THE AIR WALL ART,2950,18,25
100908,ANJU 50 SWATCH PACK,25666,21.3,17
100914,SAM-FNL TW WH GLZ TOPSIDE DRWS,2950,15,2
100916,KRUGER CHAISE LNG W/CUSH SLFR,25666,5,14
100920,AP-S/1 LH ELEMENTARY TABLE CAP,23753,3.3,23
100924,BL WH MARITIME SOAP DISH,23405,3.75,27
100932,"UNION 24"" COUNTER STOOL WHITE",2950,15,32
100934,UF SWEET SWEET NUT WALL ART,23405,47,7
100935,WALNUT BOX FRAME 12X12 OLD,1000073,9,8
100938,DM:BRIGHTON WHITE QUEEN BED C2,2950,3.87,23
100948,INTERNAL USE ONLY QA SAMPLES,26511,15,13
100956,SAMPLE METAL NIGHTSTAND BRASS,23753,3.75,9
100958,BL WH MARITIME TOOTHBRUSH HOLD,24616,4.7,11
100964,UF THE WONDERFUL WALL ART,4645,34.75,15
100966,PI WILDFLOWER WASTE BIN,24616,52,25
100974,PI WILDFLOWER LOTION PUMP,25666,71.1,18
100978,RYE LEATHER TAG,24616,11.1,21
100982,PI WILDFLOWER SOAP DISH,4645,4.6,18
100986,OCEAN&SEA SALT SCNTD MINI CNDL,26199,4.7,15
100989,AP-S/1 AW ELEMENTARY TABLE CAP,24616,20,18
100991,PR UF HEARTS WALL ART,4645,13.38,28
100999,SAM-YE TW JENNY LIND BED,4645,11.1,8
101000,PI WILDFLOWER TOOTHBRUSH HOLDE,23753,4.7,4
101004,AP-S/1 WH ELEMENTARY TABLE CAP,4645,44,25
101008,SMYTHE CONSOLE,24685,71.1,7
101014,WH/NA PARKSIDE TOY BOX,24685,2,8
101014,WH/NA PARKSIDE TOY BOX,4645,5.6,13
101019,FUNDAMENTAL STORAGE SHELF,3487,22,27
101021,DM:BRGHTN WT QN BD P1 HDBD C2,24685,11.1,9
101027,WILDFIRE TABLE LAMP BASE P1,3487,1,28
101035,WILDFIRE TABLE LAMP SHADE P2,24685,71.37,24
101037,***NV/WA PARKSIDE TOY BOX,24685,1,10
101037,***NV/WA PARKSIDE TOY BOX,25666,1,25
101039,AP-S/1 ES ELEMENTARY TABLE CAP,25666,4,4
101041,CB2 SMPL BOWER LEATHER CHAIR,3487,11.1,12
101043,RED DOUGH DOCKER/AERATOR,253,9.63,26
101047,---GR 0-3 WAFFLE FOOTIE,26831,8.1,24
101050,PRO LINE NONSTICK 12 C MUFFIN,25666,3.62,4
101055,DM:BRIGHTON WHT QN BD P2 FB C2,26831,5.2,31
101063,---GR 3-6 WAFFLE FOOTIE,3487,17.75,13
101069,BRACE TABLE RPL HARDWARE,24837,2,20
101072,DM:BRIGHTON WHT QN BD P3 RS C2,3487,12,13
101073,EAO COTERIE KITCHEN CART,3487,1,10
101073,EAO COTERIE KITCHEN CART,3487,3.63,9
101077,CORE EXTENSION RPL HARDWARE,25337,2,11
101079,GIFT GUIDE DROP 1 2012,21403,51,21
101080,---BL 0-3 WAFFLE FOOTIE,4645,38.5,18
101085,PETUNIA WALL MOUNTED RACK,3487,38.5,27
101090,SAMPLE EXT. DINING TABLE (HP),26925,25.43,16
101093,CLARABELL COAT HOOK,1001812,71.37,3
101098,---BL 3-6 WAFFLE FOOTIE,25337,8.8,10
101102,---PI 0-3 WAFFLE FOOTIE,25337,10.9,30
101104,"SAM-TW METAL/WOOD ""LOFT"" BED",26925,38.5,16
101108,TAURUS COAT HOOK OLD,25337,38.5,14
101109,CRAFT BEER WORLD,26925,2,29
101116,TOMATO SERVE BOWL W LID,25460,30,4
101120,"SAMPLE BUTTERFLY TABLE 108""",23473,9.5,20
101124,UNION DINING ARM CHAIR WHITE,25337,19.1,21
101127,COTERIE KITCHN CART RPL HRDWRE,23473,15.5,19
101133,"PIZZA PEEL 14""X16""",25460,71.12,12
101143,"EAC BLOX BENCH 78""",25337,11,7
101158,ANGLE ADJUST ELCTRIC SHARPENER,25460,1,20
101161,NS:BRGHTN COF QN BD P1 HDBD C2,23473,91,19
101166,ROXAS PENDANT,25337,51.37,2
101171,SAMPLE PARSONS NORDIC PINE TOP,26981,51.37,2
101187,NS:BRIGHTON COF QN BD P2 FB C2,1001507,6,12
101195,NS:BRIGHTON COF QN BD P3 RS C2,19499,10.38,10
101218,SAMPLE VIENNA CHAIR DOVE-N/APV,19499,9.75,16
101244,LECRST PEPR MILL CARIBBEAN CAN,25337,18.5,25
101247,PEEK FLOOR LAMP,1001507,76,19
101256,SOIREE BLACK PLW CVR 16X16,25337,5.1,10
101263,***SW BL GR MULTI-DOT RUG,1001507,9.75,17
101271,***SW PU PI MULTI-DOT RUG,25337,11,2
101276,RPL SHELL LAKE ANTI TIP HRDWRE,3487,1,31
101284,RHAPSODY/ELEVATE JAVA BOARD,1001507,5.25,21
101289,REPL BEAN BAG FOR TOSS UP GAME,1596,9.3,16
101290,LECRST PEPPER MILL FLAME CAN,3487,13.9,32
101297,"***24"" GR YE INGRAINED WALL SF",1596,1,20
101306,DM:BRGHTN WT KG BD P1 HDBD C2,22147,23.25,13
101316,LECREUSET SALT MILL CARIBB CAN,25175,4,12
101328,"***36"" BL RE INGRAINED WALL SF",25175,24,19
101331,DM:BRIGHTON WHT KG BD P2 FB C2,25337,82,10
101332,LECRSET SALT MILL FLAME CAN,22147,15,2
101336,ANGLE ADJUST MANUAL SHARPENER,22147,71,29
101344,"***24"" SHEESHAM ON THE WALL SF",25175,32,29
101349,DM:BRIGHTON WHT KG BD P3 RS C2,4645,50.25,3
101365,NS CORTLAND OT DU 1157-OCB/OCC,25175,71,24
101367,CB2 SMPL SABLE DINING CHAIR,18399,90,12
101370,FQ GR HUT HIKE FOOTBALL QUILT,3487,35,28
101378,"***36"" SHEESHAM ON THE WALL SF",25175,8.4,30
101386,S/2 ON THE WALL BRACKETS,25175,69,23
101389,BR FOOTBALL PILLOW,253,16,31
101390,NS CORTLAND ASF D 1157-PAB/PAC,25175,13,19
101394,EDGEGRIP 2STEP KNIFE SHARPENER,25175,13,3
101397,YE FOOTBALL PILLOW COVER,4645,5,25
101401,CUPRO COPPER CNTR TBL HARDWRE,25175,12,1
101403,NS:BRGHTN COF KG BD P1 HDBD C2,25337,2.88,26
101409,REPL IND EXPL PUP ROOF CONNECT,25337,8.4,2
101412,NS CORTLAND QSL D 1157-QAB/QAC,25175,26,20
101420,AISNWORTH COGNAC FINISH BOARD,25175,87.5,31
101425,REPL IND EXPL PUP BASE CONNECT,25901,8.4,26
101430,INTERNAL USE ONLY QA SAMPLES,4645,38,3
101435,GR HUT HIKE FOOTBALL SHAM,25175,87,3
101439,CUPRO COUNTER TABLE LEVELER,4645,8.4,15
101445,PR UF JAR OF FLOWERS WALL ART,24731,1.88,17
101446,NS:BRIGHTON COF KG BD P2 FB C2,25175,26,32
101455,FR YOUNG WILD FREE WALL ART,25175,90.5,19
101467,IDEAL CHAIR WHITE,25175,32,18
101475,IDEAL CHAIR ORANGE,4645,21.2,11
101483,IDEAL CHAIR HARDWARE,27111,22.75,16
101490,ARROW PILLAR HOLDER BRIGHT GRN,24731,38,28
101497,15 MIN HOUR GLASS SQUARE BLK,27111,10.13,19
101501,NS:BRIGHTON COF KG BD P3 RS C2,25918,12,12
101506,SURPLUS STOOL,24731,71.75,18
101511,INTERNAL USE ONLY QA SAMPLES,4645,3.75,13
101513,EAC BLUESTONE MEDIA CONSOLE P2,21891,15.2,14
101514,DUAL CIRCLE SERVER,24731,1,20
101522,"ROUNDISH MINI BOWL GREEN 3.5""",22691,87.25,15
101525,***SML NA ADJUSTABLE PLAY TBL,22691,1.25,10
101525,***SML NA ADJUSTABLE PLAY TBL,22691,86,16
101548,KRUPS COMBI ESPRSO/CFFE MKR,22691,12.25,27
101552,---GY 4T L/S ROBOT TEE,25336,1.25,15
101556,"ROUNDISH MINI BOWL PINK 3.5""",22691,1.13,16
101559,ORNAMENT HOOKS W/BEAD S/20,22691,9.75,21
101564,"ROUNDISH MINI BWL SALMON 3.5""",22691,0.7,20
101567,EAC BEDFRAME TWIN/FULL,22691,12,13
101568,***MED NA ADJUSTABLE PLAY TBL,4645,87.25,1
101568,***MED NA ADJUSTABLE PLAY TBL,25175,19.3,27
101572,SOIREE NATURAL PLW CVR 16X16,25175,26,13
101575,BUELLER REPLACEMENT FILE BAR,25336,28,25
101592,***MED NA ADJUSTABLE TABLE LGS,1001507,3.4,20
101598,WARING 1.75 HP PRO INVRTD BLND,25336,6.77,18
101601,***LRG NA ADJUSTABLE TABLE LGS,1001507,1,16
101603,ELCTRIC CERAMIC KNIFE SHARPENR,1001507,91,24
101605,4X6 DBL MAGIC CARPET RUG,25337,20,3
101610,MOD 3 PC SERVER,1001507,1.13,28
101613,SWEET CREAM & HONEY DIFFUSER,1001507,70.5,21
101615,***S/2 NA ADJUSTABLE TABLE BIN,25337,9.75,22
101621,5X8 DBL MAGIC CARPET RUG,1001507,3.62,31
101627,TEAK TRSL/RCT BS/60X36 GLS TP,25337,57.75,9
101639,EAO KILIM POUF,4645,57.75,30
101646,***NA ADJUSTABLE TBL PPR RLR&P,26222,17.5,3
101648,VINTAGE WEDDING STYLE,24761,7,17
101653,SIDECAR DIPPER,22666,3.62,29
101660,DOUBLE DIP DISH,25599,1.5,1
101664,8X10 DBL MAGIC CARPET RUG,25337,3.6,3
101665,SAWYER MOCHA 8X8 SWATCH,24313,75.37,23
101672,CERAMIC PET BOWL SMALL,21891,57.5,28
101679,SAUCY 2 PC DIP SET,21891,57.5,7
101680,PORT-A-PUG,253,16.1,8
101683,CERAMIC SOAP DISH RED,26222,0.3,22
101687,"SAY WHAT PLATE 10""",25593,28.75,4
101692,BRIGHTON WHT TRUNDLE BED C2,23410,11.81,22
101702,SNOWBIRD SOAP S/5,26209,35.5,8
101703,SAWYER WHITE 8X8 SWATCH,21891,6.06,14
101705,BRGHTN CFFEE TRUNDLE BED C2,21891,49.25,30
101707,INTERNAL USE ONLY QA SAMPLES,21891,10.1,26
101715,SAWYER GREY 8X8 SWATCH,26222,21.5,15
101726,STRUT TEAK 8X8 SWATCH,24767,25,31
101730,BRIGHTON COFFE DAYBED P1 C2,24767,61,25
101732,STRUT BOURBON 8X8 SWATCH,26222,53,22
101734,YELLOW/WHT LAUNDRY BASKET,21863,33.25,5
101742,SS MEASURING CUPS S/4,253,29,21
101745,*T:STREETER SWCH 0615-CSLB CRI,26222,9.7,8
101748,BRIGHTON WHT DAYBED P1 C2,26687,3.1,15
101752,SPOTLIGHT EBONY 8X8 SWATCH,24767,6.2,32
101764,BRIGHTON WHT DAYBED P2 C2,26687,96.5,30
101768,CALLIOPE COASTERS S/6,21863,8.18,25
101774,COLBY BRONZE SWATCH 8X8,253,6.7,17
101776,WIRE BIRD PLACE CARD HOLDER,25599,3,4
101781,BRIGHTN COFFEE DAYBED P2 C2,26687,12.25,32
101787,SPOTLIGHT WHITE 8X8 SWATCH,21863,5,20
101798,COLBY BRUSHED NICKEL SWTCH 8X8,26222,9.87,31
101806,COLBY GUN METAL SWATCH 8X8,25550,79,18
101820,CINTO LOUNGE CHAIR,26222,3,1
101823,WELCOME SOFT CHEESE KNIFE,26687,8.18,7
101830,WELCOME HARD CHEESE KNIFE,21863,79,9
101832,COLBY SOFT GOLD SWATCH 8X8,26687,1,13
101843,COLBY WHITE SWATCH 8X8,26222,8,4
101849,SS MEASURING SPOONS S/4,14201,7.9,9
101857,WELCOME WEDGE CHEESE KNIFE,21863,85.5,9
101865,CANTEEN 3PC PLACESETTING,26222,8.2,14
101873,WOODEN 2-STEP STOOL,21863,20.94,7
101887,***MB SLOANE LEANING DSK SHLV/,18261,8,31
101892,***MB SLOANE LEANING DESK FRAM,26687,30,8
101893,***CR WH DUCDUC VERONA TDLR RL,26222,34.75,17
101898,SAM-PE SOFA SO GOOD SLEEPER,4645,1,12
101899,WOODEN STEP STOOL,26222,500,27
101907,LONDON CH SUTTN WHSKY 0710-CAB,26695,4.2,21
101912,GARMENT RACK,23389,8,2
101925,5' GY RIBBON RUG,26222,3.3,4
101931,NS RUG GRIPPER TAPE,23389,50.87,14
101938,TEAK APPETIZER FORK,1000047,8,11
101941,***MB SLOANE BKCSE BINS/SLF/HR,23719,8,18
101946,TEAK APPETIZER SPOON,22305,8,14
101954,TEAK OLIVE SPOON,22386,29,10
101957,***MB SLOANE LEANING BKCS FRM,22377,7.75,26
101982,***CR WH DUCDUC OSLO TODDLR RL,26222,8,12
101986,SW WH POSH POODLE RUG,253,8,21
101987,SAMPLE-QUEEN FENCE BED V2,25916,8,9
101988,MATTE/SHINY SS SPATULA,1000096,5.5,3
101996,SS MEASURING CUPS ODD SIZE S/4,22377,7.5,6
101997,***GY SLOANE LEANING DSK SHLV/,26222,10.37,26
102007,MATTE/SHINY SS PASTA SPOON,253,20,8
102015,MATTE/SHINY SS SLOTTED SPOON,4645,31,1
102016,***WH VERONA BED CONVERSION RL,26695,59,18
102018,***GY SLOANE LEANING DESK FRAM,1000097,56.3,11
102023,MATTE/SHINY SS LADLE,23081,54,13
102030,MATTE/SHINY SS SLOTTED SPATULA,23081,19.5,30
102032,STACCATO 5PC PLACESETTING,253,40.5,14
102033,SW GY CRABBY CAT RUG,26704,41.5,24
102049,MATTE/SHINY SS SPOON,24717,61,11
102057,MATTE/SHINY SS OMELET SPATULA,23081,4.75,2
102059,PI STRIPE PARKER CHAIR CUSHION,253,5.5,17
102080,***GY SLOANE BKCS BINS/HARD,4645,18,16
102096,SAMPLE FOLIO NEW COGNAC LTHR,23719,5,31
102100,SAMPLE SONNY BENCH BLACK,23081,1,20
102102,***GY SLOANE LEANING BKCS FRA,23719,59,22
102104,FR WILD PATTERN BUNNY WALL ART,25337,57.2,17
102112,FR WILD PATTERN GIRAFFE WALL A,1545,13,27
102132,IT'S NOT THAT COMPLICTD 48X72,25337,1.13,21
102138,FR WILD PATTERN SQUIRREL WALL,25916,14,11
102141,MU BAMBOO IT'S A WRAP BLANKETS,4645,8.62,17
102146,FR WILD PATTERN ELEPHANT WALL,4645,31,30
102154,WECK PLASTIC LID 60MM,25916,14,16
102156,3 PART RECTANGULAR DISH,25916,14,17
102162,WECK PLASTIC LID 100MM,24676,81.12,29
102164,LG STRIPE PARKER CHAIR CUSHION,4645,58.5,16
102172,3-SECTION CANVAS SORTER NAT,4645,13,24
102188,GY CUDDLE ME SOFTLY BLANKET,23719,14,16
102196,PR GY CUDDLE ME SOFTLY BLANKET,23081,11.13,1
102200,"BLUE LINE DINNER PLATE 9.75""",4645,12,21
102210,ROUGE COFFEE TABLE HARDWARE,23719,14,12
102219,"BLUE LINE SALAD PLATE 8.75""",23410,15.25,25
102227,"BLUE LINE SOUP BOWL 7.25""",26587,17.5,18
102243,TAKE OUT SERVE BOWL,25916,16,24
102250,KAHUNA SERVER,23719,1,1
102264,---BK DOT STRPE TIGHTS,4645,46,10
102269,CULE SERVER,23081,59,10
102281,---PI MRYJNE TIGHTS,25916,11.13,16
102285,JOHN BOOS PREP MASTER MAPLE,23719,11,1
102304,***WH SLOANE LEANING DSK SHLV/,4645,75.75,17
102308,FOOD: VEGETARIAN HOME COOKING,23081,10.8,7
102311,---PU 6-12 BIRD DRESS,4645,9.75,6
102316,CEBU ROUND PLACEMAT,25916,10.75,16
102323,***WH SLOANE LEANING DESK FRAM,25916,2.5,20
102324,SAMPLE-BEVERLY FLOOR MIRROR SM,25916,12.12,12
102332,THE BIG BOOK OF JUICES,27138,4.38,29
102334,NS CLSC IKON SERRATED CHOPPER,23081,17.5,3
102342,PEARSE TALL CABINET RPL HRDWAR,27138,36,7
102346,SET WH SLOANE LEANING BOOKCASE,23719,14.5,10
102358,"OXO S/9 BOWLS, COLANDERS, LIDS",27138,12,13
102362,NS CORTLAND OT PO 1157-OCB/OCC,23719,10,12
102364,SAMPLE BRIGHTON COFFEE QN BED,23719,4,14
102366,S/5 AQUA SKY NS MIXING BOWL,27138,8.6,2
102371,***WH SLOANE BKCSE BINS/SLF/HR,3857,7.25,26
102372,CB2 SMPL NOVOGRATZ BED,25533,6.75,2
102374,NON-SLIP PREP BOWL RED,21625,24,17
102380,SAMPLE TEAK MEJA COFFEE TABLE,26379,10.75,1
102382,NON-SLIP PREP BOWL AQUA,26379,14.75,32
102384,MINIPRESSO HAND ESPRESSO MAKER,4645,10.75,4
102385,PI PITTER PATTERN BLANKET,25920,15.25,25
102393,PR PI PITTER PATTERN BLANKET,4645,31,17
102398,SMP COLETTE FULL BED ERIN NAT,1001628,9.84,5
102407,DETACH INVISIBLE ROD PWTR28-48,26704,8,18
102408,***WH SLOANE LEANING BKCSE FRA,3857,14.37,3
102431,SPRING COLLECTION V2,100052,58.5,18
102456,***JA SLOANE LEANING DESK SHL/,19078,87,7
102465,***JA SLOANE LEANING DESK FRAM,1001628,11.3,23
102474,UF MENAGERIE ZEBRA WALL ART,25556,14.4,8
102477,---CR 6-12 BIRD DRESS/BLMER,26234,4,5
102482,FR MENAGERIE ZEBRA WALL ART,25916,16.5,26
102489,NS FARIBAULT ORG STRP BLNKT FQ,23081,12.1,17
102494,***JA SLOANE LEANING BKCS FRM,23081,32.5,19
102502,QUE PLW CVR BERRY 20X20,23081,1,13
102504,EA BEERTENDER TUBE 6-CT.,23081,11.65,4
102516,***JA SLOANE LEANING BKCS BINS,23081,18.75,4
102525,SAMPLE MESA QSL-CHARCOAL,23081,15,20
102528,QUE PLW CVR GREEN 20X20,25916,4.25,24
102534,SAMPLE BECKETT DESK - FINAL,3857,76.5,13
102536,RUG SAVER 3'X5',24685,4.37,12
102544,SARI STRIPE PLW CVR 20X20,26655,8.2,28
102547,CD ROBERTS LULLABY,1578,5.75,27
102552,RUG SAVER 6'X9',26655,5.75,22
102566,CIRCULAR REASONINGS I,19078,67,2
102571,LOOP N LOOM REFILL,26655,30.25,29
102574,CIRCULAR REASONINGS II,4645,59,28
102578,TRAIL PLW CVR 20X20,4645,10.3,31
102586,XBASE PLW CVR 23X23,23081,30.87,3
102594,NS FARIBAULT ORG STRP BLNKT K,23081,58,8
102604,SENADA,23081,16,13
102617,GIVE AND TAKE PRINT 48.5X16.5,1000054,8,19
102623,EAC SHAGREEN EMBOSSED LW DRSSR,23712,21.5,30
102623,EAC SHAGREEN EMBOSSED LW DRSSR,23712,18,6
102623,EAC SHAGREEN EMBOSSED LW DRSSR,23712,4,21
102623,EAC SHAGREEN EMBOSSED LW DRSSR,23081,20,8
102625,HEMP BALL STRING LIGHTS 9FT,23081,2.2,13
102647,FARM FRESH NUMBER FLOOR PUZZLE,1578,17.12,20
102655,***ABRACADABRA MAGIC,23712,1,19
102659,WHEAT DISTRICT 2-CUBE FOR BIN,25274,20.9,22
102662,EAC SHAGREEN EMBOSSED NGHTSTND,23081,27.5,27
102667,SEERSCKR FLTWR/GOODI POUCH GRN,23712,11.25,9
102675,CAGE LIGHTS 8FT,1002060,10.12,29
102683,"NON-STICK ROUND CAKE PAN 9""",4645,5.5,1
102687,RPL RORY BED RED/BLUE HARDWARE,23081,12.12,13
102690,WHSE- 12X11 1/2  BUBBLE BAG,24325,35,24
102706,TAOS APPETIZER PICKS S/4,23712,8.5,12
102708,EAC SHAGREEN EMBOSSED TLL CHST,23418,35,12
102714,"NON-STICK ROUND CAKE PAN 8""",1674,1,11
102717,S/12 ROUND THE WORLD ORNAMENTS,23712,11.25,8
102720,WHSE- 2X100 CLR 2ML TAPE,23418,17.5,2
102725,ACRYLIC MARGARITA 14 OZ.,27181,53.13,21
102728,---BL 3-6 PCKT PANT,23418,62.6,6
102738,WHSE- 18X1500'STRETCH WRAP,23712,62,23
102762,BRASS INLAY CABINET,19078,62,11
102773,EAC SLAB LRG BRSS COFE TBL OLD,23712,62,16
102779,---BL 2T PCKT PANT,23081,62,5
102789,"SAMPLE COT SLEEPER,1/2MOON ARM",24543,13.1,13
102796,EAC SLAB LRG BRS COF TBL P1,23702,10.75,6
102796,EAC SLAB LRG BRS COF TBL P1,23702,9.75,20
102797,SAMPLE TWIN SLEEPER-POOPY,1674,43.25,15
102806,HERITAGE HILL JAR W/LID128OZ,23081,28.5,9
102808,EAC SLB LG BRS CF TB BS P2 OLD,23081,8.5,18
102808,EAC SLB LG BRS CF TB BS P2 OLD,23410,11.57,30
102809,---GY 6-12 PCKT PANT,1545,10.5,12
102810,**PI BLENDED KNIT BABY BLANKET,25274,7.5,27
102814,BK-BB ABC SNAKE,24543,1,13
102822,GERTIE BLL,24707,7.09,23
102829,***WH DISTRICT 2-CUBE FOR BIN,19078,34.25,18
102830,CR WH PUZZLE PATCH SKIRT,24543,9.3,17
102833,---GY 2T PCKT PANT,23410,13.38,18
102839,**BL BLENDED KNIT BABY BLANKET,19078,1,9
102847,**GY BLENDED KNIT BABY BLANKET,24165,7,17
102861,SISAL RUG SWATCH ALMOND 20X20,23702,7,8
102865,S/6 WRAPPING PAPER ORNAMENT,23702,1,26
102873,RPL TOULON DINING TABLE HRDWR,23702,31.5,16
102877,CB2 SMPL UNO RT ARM SF PEWTER,24543,6.5,18
102881,RPL TOULON DINING BENCH HRDWR,1001628,7,4
102883,CB2 SMPL PIAZZA SF WRANGL CHAR,24165,1,32
102884,RESONATE,24837,60,1
102901,SAMPLE LADDERBACK PICNIC CHR,1002099,60,4
102908,SISAL RUG SWATCH LINEN 20X20,100156,1,8
102915,SISAL RUG SWATCH DOVE 20X20,25274,7.7,31
102921,SISAL SWATCH HERITAGE 20X20,22599,33,21
102931,---BL 12-18 PCKT HOODIE,19078,33,17
102938,SW CORDUROY BOX CUSHION,24717,7,6
102942,WHEAT DISTRICT 3-CUBE FOR DOOR,25274,10.3,10
102953,CB2 SMPL STICK AROUND CH BLK,1001628,4.75,15
102954,RPL TOULON CHAISE LOUNGE HRDWR,1001628,7.25,12
102971,"EAC DYLAN DIN TBL 104X36""P1 TP",24313,43.75,11
102976,PEAK BURNING CANDLE LARGE,25274,13,3
102992,MAAS FLATWARE METAL POLISH,21385,7,27
103003,CACTUS GLASS TEALIGHT HOLDER,25274,10.3,23
103028,SAMPLE PROMO X-BACK SIDE CHAIR,25274,10.5,15
103029,***WH DISTRICT 3-CUBE FOR DOOR,22599,20,28
103031,"EAC DYLAN DIN TBL 104X36""P2",22599,11,30
103031,"EAC DYLAN DIN TBL 104X36""P2",24313,6,31
103039,CRIB WHITE PIQUE FITTED SHEET,21686,49,9
103040,TW MU VARSITY DUVET COVER,26532,6,2
103055,*373-7050 COLETTE QN BED,25274,45,27
103057,CB2 SMPL DYLAN BENCH P1,23712,60,25
103058,TOPSIDER REPLACEMENT LEVELER,25192,46,17
103062,CB2 SMPL DYLAN BENCH P2 LEGS,1001472,20,17
103074,*T:SONATA SIDE CHAIR NEW,4645,20,11
103080,BR FULTON STREET BOOKCASE TALL,4645,20,4
103087,EA NON-STICK LOAF PAN 1 LB,1001628,7,12
103095,PENNIE SWATCH CORNFLOWER S/20,26532,1,26
103104,***CH LOW RIDER BOOKCASE BOX 1,4645,43.6,23
103107,BR FULTON STREET BOOKCASE WIDE,22960,26.3,21
103118,PENNIE SWATCH CHARCOAL S/20,23712,7.25,5
103126,PENNIE SWATCH LINEN S/20,21686,107.5,30
103134,PENNIE SWATCH JUNIPER S/20,1001628,4.2,21
103137,SP COSGROVE GLIDER REF GP1,21686,6.3,16
103139,SP/*N1720 CHLOE CH,3487,10.62,30
103152,RPL TOULON LOUNGE CHAIR HRDWR,100161,40.25,9
103160,RPL TOULON OTTOMAN HARDWARE,21686,43.75,23
103164,SP COSGROVE GLIDER REF GP2,26532,33,27
103179,S/6 SEASONS GREETINGS ORNAMENT,23712,33,27
103184,SP COSGROVE GLIDER REF GP3,23712,10.5,21
103187,RPL TOULON UMBRELLA CAP,1001628,14.5,31
103195,BLAKE OT FSC GREY WASH,21686,81,13
103207,WHITE DISTRICT SET/2 DOORS,26948,83,23
103215,GOURMET SALT TRIO,26587,4,28
103216,SP COSGROVE GLIDER REF GP4,4645,15,3
103223,TWIST-TOP GARLIC SLICE,23712,22,11
103255,SP COSGROVE OTTOMAN REF GP2,23712,57.62,18
103265,GREY DISTRICT SET/2 DOORS,18117,6,31
103278,"DYLAN BENCH 80"" P1 TOP",27166,4.5,19
103288,"DYLAN BENCH 80"" P2 BASE OLD",23712,5.38,21
103304,HERB&SEASLT CRN COB SEASONING,12332,54.05,32
103306,PEWTER ROUND NAPKIN RING,27166,4.5,15
103307,SP COSGROVE OTTOMAN REF GP3,12332,4.5,27
103309,DM:BRIGHTON WHT NIGHTSTAND C2,3487,4,18
103312,CHARLY LITTLE FAN,26532,36,2
103317,BRIGHTON COFFEE NTSTND C2,25556,28,7
103321,ANEZI DINING TBL P1 TOP,26677,6,2
103325,DM:BRIGHTON WHT 4-DRWR CHST C2,25556,6,21
103338,HATCH CHILE CORN COB SEASONING,12332,36,28
103342,NS:BRIGHTON COFF 4DRWR CHST C2,27166,10,6
103345,ANEZI DINING TBL P2 LEGS,26677,36,18
103354,NS OTTO FAN,1448,2.62,28
103357,BLAKE LOUNGE CH FSC GREY WASH,6852,21,7
103360,INTERNAL USE ONLY QA SAMPLES,12332,13.5,26
103362,CHIPOTLE PARMESAN CRN COB SEAS,4645,3.3,18
103368,DM:BRIGHTON WHT 6-DRW DR P1 C2,26587,36,31
103376,DM:BRIGHTON WHT 6 DRW DR P2 C2,26677,6.69,19
103378,4X6 YE FRETWORK RUG,23418,21,9
103384,NS:BRIGHTON COFF 6DRWR DSR C2,4645,12.5,12
103387,5X8 YE FRETWORK RUG,12332,83,30
103388,NS CHARLEY FLOOR FAN BLACK,4645,13,15
103392,8X10 YE FRETWORK RUG,26587,1.6,3
103396,***OR DISTRICT SET/2 DOORS,25663,4.5,10
103400,PARMESAN GARLC PEPR PIZZA SEAS,26695,21,26
103403,RIVER STONES RPLCMNT CONTAINER,24773,34.5,10
103406,NS:BRGHTON COFF 6DRWR DR P1 C2,21957,14.75,28
103414,NS:BRIGHTON COFF 6DWR DR P2 C2,26587,35,27
103422,4X6 NV FRETWORK RUG,26587,84,13
103427,"UNDERTONE GRY DINNR PLT 10.5""",4645,46.12,26
103435,CLASSIC ITLN HRB PIZZA SSONING,18261,1.75,19
103443,FIERY RED PEPR PIZZA SEASONING,26222,22,14
103445,5X8 NV FRETWORK RUG,24912,34,14
103449,DM:BRIGHTON WHT WARDROBE P1 C2,24260,16.75,11
103450,SQUARE TRUG RED,25916,28,26
103455,8X10 NV FRETWORK RUG,17772,1,9
103457,DM:BRIGHTON WHT WARDROBE P2 C2,25916,1.75,4
103469,TWIST 'N PEEL GARLIC PEELER,24912,64.12,24
103473,DOMINO SM OT BN 652-3000-37,327,22.25,29
103477,"UNDERTONE TAN SALAD PLATE 8""",26222,48.4,18
103482,19X16X13 KRAFT BOX - 44SW,26222,1,6
103485,AIDINE PLANT STAND SHORT,24213,60,12
103489,1014-DOCK MILES SCH SC,25916,20.2,11
103491,4X6 PI RECLAIMED RAG RUG,24707,95,15
103493,GARLIC ZOOM XL,25528,13.5,18
103497,SP/*0210-KALB TRACY RECL LTHR,1000098,1.5,6
103504,5X8 PI RECLAIMED RAG RUG,25916,4.5,9
103513,8X10 PI RECLAIMED RAG RUG,25528,64.1,5
103524,UNION DNG/CNTRSTL CSHN RED,25916,31,13
103528,4X6 BL RECLAIMED RAG RUG,24901,49.4,30
103532,BENTO MATTE BLACK SERVING BOWL,26222,10.37,32
103532,BENTO MATTE BLACK SERVING BOWL,23418,1.5,4
103536,5X8 BL RECLAIMED RAG RUG,24251,1.75,20
103548,8X10 BL RECLAIMED RAG RUG,25916,61.2,13
103557,HALLOWEEN CAT&PMPKN ESYCARE PM,26222,53.62,20
103558,AIDINE PLANT STAND TALL,25528,14.7,21
103565,4X6 BL BLOCK WORK RUG,22419,97,2
103566,"INTERMIX YELLOW PLATE 6"" SQR",24901,24.12,9
103571,DURHAM 3-DRAWER CHEST TOP C2,23418,7,9
103572,CB2 SMPL SAVILE SOFA LEATHER,26222,37.5,11
103574,UNION DNG/CNTRSTL CSHN CHARC,24901,8,6
103582,UNION DNG/BRSTL CUSHION WHITE,23418,35.25,15
103583,5X8 BL BLOCK WORK RUG,25916,14.2,16
103590,SAVILE SOFA LEATHER BLACK OLD,24837,1,16
103597,DOMINO LG OT BN 652-3000-41,26222,49,5
103601,DOMINO ARMLS CH BN 652-8031,24837,7.25,20
103604,HALLOWEEN CATS NAPKIN,26222,32,2
103605,PAPRIKA WATERING CAN,25916,61,29
103613,"INTERMIX GREEN PLATE 9.75""X7""",24837,97.4,2
103616,1253-CAC AXIS CH SC ONLY,23418,16,26
103620,SEA GREEN WATERING CAN,26222,49.4,14
103622,CROSBY PLW CVR 20X20,23418,9.76,32
103635,DURHAM LANDSCAPE MIRROR C2,4645,9.76,23
103639,MB DISTRICT SET/2 DOORS,26222,61.2,31
103647,"INTERMIX PINK PLT 9.75""X9.75""",24311,98,18
103649,EAO CLEO SIDE TABLE,1000118,18.5,26
103655,ZINC OIL LAMP,1000118,12,29
103656,8X10 BL BLOCK WORK RUG,6852,48.4,3
103663,COLADA PLANTER COOL,25916,5.75,11
103668,"MONGOLIAN SHP BLK PLW CVR 16""",26542,1.88,28
103670,COLADA PLANTER WARM,26222,93.2,30
103675,1253-CAC5 AXIS 40CH SC ONLY,26542,17.8,30
103678,A REAL HOOT STORAGE BIN,26222,17.5,12
103686,MONKEY BUSINESS STORAGE BIN,25916,61.4,28
103687,CLEO COFFEE TABLE,1000118,35.12,15
103689,WH DISTRICT BIN FRONT,1000118,46.75,8
103691,1247-DBB MARLOWE DAYBED,1000118,41.75,16
103694,BL DOT LETS DO LUNCH BAG,24344,10,16
103697,"INTERMIX AQ PLATR 17.25""X9.75""",26542,22.5,9
103701,"HALLOWEEN PUMPKINS RUNNER 72""",25961,9.88,3
103702,"PIPE INDIVIDUAL BOWL 5""",3487,1,2
103711,***4X6 NA DIAMOND GRID RUG,24837,12.75,3
103713,S/3 WINTERLAND ORNAMENTS,25961,19,23
103720,EAO CLEO CONSOLE TABLE,24837,51.75,8
103721,S/3 VERY MERRY ORNAMENTS,25961,13.5,15
103732,TW WH BREAKDANCE DUVET,25916,10.37,30
103736,***WHEAT DISTRICT BIN FRONT,21686,20.12,28
103744,6' RND UMBRELLA CVR BOTTLE GRN,24344,3.38,21
103747,***5X8 NA  DIAMOND GRID RUG,25916,98.4,4
103748,S/3 NUTCRACKER ORNAMENT,25916,8,22
103752,NS:6' RND UMBRELLA CVR SULFUR,25916,17,9
103755,FQ WH BREAKDANCE DUVET,24837,8.25,7
103756,EA CARBON 6 15PC BLOCK SET,21686,1,24
103764,BL VINTAGE PATTERNED ORNAMENT,22776,10,26
103768,LINON RED/ORANGE PLW CVR 18X12,25274,10,13
103769,INTERNAL USE ONLY QA SAMPLES,25916,27.25,28
103772,BL PITTER PATTERN BLANKET,1002977,25.7,18
103774,***8X10 NA DIAMOND GRID RUG,25916,44,11
103778,NS:6' RND UMB CVR TRKSH TILE,23324,12,21
103786,EAC 6' RND UMB CVR RIBBON RED,1002977,17.37,28
103794,9' RND UMBRELLA CVR BOTTLE GRN,1972,13.75,6
103805,SP/*652-3000-41 DOMINO LG OT,21686,5,30
103807,SAMPLE SUTTER/MING TABLES,4645,49,28
103809,9' RND UMB CVR TRKSH TILE,26181,10.25,18
103814,LINON NAVY PLW CVR 18X12,23367,33,13
103817,9' RND UMB CVR RIBBON RED,23367,10.25,13
103825,9' RND UMBRELLA CVR PAPRIKA,21686,13.6,18
103832,SAMPLE MOORE MEDIA TOWER FINAL,4645,25.62,1
103837,PU VINTAGE PATTERNED ORNAMENT,23367,11,12
103838,LINON DARK GREY PLW CVR 18X12,21686,62.4,8
103840,9' RD UMBRLLA CVR RED MLTI STR,24344,6.5,20
103862,SMP CALYPSO CHAIR BOTTLE GREEN,26181,11,29
103875,9'RD UMBRLA CVR HANDPAINTED ST,24344,13.6,12
103878,EA HELENA GRAPHITE TBLTH 60X60,1972,11.2,32
103885,4X6 PI SQUARE DROPS RUG,1674,4.5,27
103894,5X8 PI SQUARE DROPS RUG,1001465,9.2,10
103895,"SMP ORLEANS 42"" RND CAFE TBL",1972,1.13,23
103907,HELENA ZINFNDL TBLCTH 60X60,23367,11.1,18
103914,9' RND UMBRELLA CVR POPPY SCRL,21686,99.4,2
103917,"EA LINDEN INDIGO TBLCTH 60X60""",1972,11.5,3
103922,10' RND UMBRELLA CVR BOTTLE GN,23347,11,2
103947,8X10 PI SQUARE DROPS RUG,24344,14.1,24
103955,"SAMPLE MOORE 60"" MEDIA FINAL",4645,1.13,19
103964,10' RND UMBRLA CVR RD MLTI STP,22776,65.5,13
103966,EA LINDEN ECRU TBLCTH 60X60 SQ,4645,14.1,2
103982,"LINDEN SIENNA TBLCTH 60X60""",23347,12,25
103990,4X6 BL SQUARE DROPS RUG,21686,14,16
104001,5X8 BL SQUARE DROPS RUG,23347,14.1,17
104001,5X8 BL SQUARE DROPS RUG,23753,1,8
104003,CD RALPH ALL AROUND RALPHS WOR,24251,3.63,23
104011,8X10 BL SQUARE DROPS RUG,23170,12,8
104031,"FALL HARVEST TABLCLTH  60""X90""",23753,13.5,4
104046,ANIMALS IN ALPHABET FLOOR PUZZ,21686,37,12
104048,"FALL HARVEST TABLCLTH 60""X120""",24251,14.1,1
104051,1253-CSC5 AXIS SWCH SC ONLY,23324,16.14,16
104054,THIS WORLD IS YOUR TRAVEL PUZZ,23753,49,8
104056,"FALL HARVEST TBLCTH 90""RND",26831,62.4,31
104059,RECT. UMBRELLA CVR BOTTLE GRN,23324,42,4
104061,PUMPKIN NAPKIN HOLDER,21686,16,9
104083,NS:RECT. UMB CVR TRKISH TILE,24251,14.1,20
104092,SAMPLE CLAIREMONT PEDESTAL 27,24260,15.9,23
104097,UF PI MY FAVORITE THINGS,22776,12,5
104101,S/3 BL ADEN STARS SNAP BIBS,24251,97,4
104116,CRIB BLUE & CREAM CHICKS QUILT,21686,1,5
104122,RECT UMBRELLA CVR RD MLTI STRP,24873,14.7,24
104124,CRIB BLUE CHAMBRAY FIT SHEET,23170,15.9,14
104127,UF BL MY FAVORITE THINGS,23712,15.9,4
104132,COUTURE FLATWARE SET 20PC,24873,49.4,2
104135,S/3 PI ADEN BUTTERFLY SNAP BIB,23712,62,13
104136,SAMPLE CLAIREMONT PEDESTAL 33,21686,62,20
104143,FR PI YOUR FAVORITE WALL ART,21686,5.5,22
104152,FR BL YOUR FAVORITE WALL ART,3487,98,21
104160,WH LIKE CLOCKWORK ALARM CLOCK,21686,15.9,24
104164,RECT UMBRLA CVR HANDPAINTED ST,24251,10.5,12
104168,***SW NA DIAMOND GRID RUG,1001472,15.4,12
104170,***SW PI SQUARE DROPS RUG,19499,41,12
104178,UF SOME SEA ANIMALS WALL ART,23324,7,27
104183,CRIB RED & YELLOW CHICKS QUILT,24388,16.2,1
104185,SW BL SQUARE DROPS RUG,24251,12,24
104186,SI LIKE CLOCKWORK ALARM CLOCK,24388,7.6,24
104191,CRIB BLUE&CREAM CHICKS BUMPER,24873,16,14
104194,UF SAILING SHIPS WALL ART,1000985,18,12
104198,GY DISTRICT BIN FRONT,25967,20,32
104203,***OR DISTRICT BIN FRONT,1002916,14.5,8
104205,CRIB GREEN SEERSUCKER COVERLET,24873,13.5,6
104208,UF WATERBIRDS WALL ART,26713,12,3
104224,JERRARD FLOOR LAMP,24873,11,30
104226,MI SNUGGLE UP BABY BLANKET,26713,20,5
104245,WILDFIRE BY RACHEL PLATTEN CD,26713,10.25,19
104248,CR-PI SEERSUCKER CVRLT,24873,14.5,11
104253,MB DISTRICT BIN FRONT,1000117,17.62,6
104259,FQ MU VARSITY DUVET COVER,23405,22.5,16
104260,NS STERLING COFFEE TABLE,1002916,22.25,8
104264,"CADENCE DKCHY 30"" CABINET",17377,7.75,8
104272,CRIB BLUE CHICKS SKIRT,1002916,12,26
104274,SAM-FNL TW ASTORIA METAL BED,26713,12.6,31
104275,HELLO BABY A KEEPSAKE JOURNAL,4645,13,1
104277,CUISINART 12C PERCOLOATOR CAN,26209,21.5,5
104281,CUISINART PRG CON BURR GRND CA,1002916,13.5,31
104282,SAM-FNL FU ASTORIA METAL BED,25161,13,31
104290,SAM-1ST BROWNSTONE BOOKCASE,26692,7.5,5
104292,FLEXIBLE GRILL BASKET,4645,24.5,23
104299,CR-YE SEERSUCKER CVRLT,4645,21.5,3
104302,CRIB RED CHICKS SKIRT,4645,25.62,18
104305,SCRIBBLE IT POSTCARDS,4645,26,1
104309,SAMPLE PILSEN MEDIA CONSOLE P1,4645,10,8
104310,1253-C2C AXIS CH1/2 SC ONLY,4645,21.5,15
104312,SAMPLE PILSEN MEDIA CONSOLE P2,4645,44.7,18
104321,SAM-FNL TW WH ARIA HEADBOARD,26707,16,32
104329,CRIB BLUE SEERSUCKER BUMPER,1545,5,21
104332,EAO TRAP NEUTRAL RUG 5X8,1002916,10,3
104337,CRIB BLUE CHICKS LAUNDRY BAG,26707,25.62,28
104339,SAM-FNL TW PI ARIA HEADBOARD,24873,14.25,3
104346,HOLLYWOOD BIG SCONCE,1000120,37,17
104347,SAM-FNL FU WH ARIA HEADBOARD,21686,31.87,15
104348,CORN PICKS S/8 2012,23405,13.5,31
104353,EA NESPRESSO PIXIE CARMN BUNDL,24873,82,17
104355,EAC HOLLYWOOD SMALL SCONCE,26713,8,13
104363,SAM-FNL TW WH PRINC. PLUME HB,23764,8.2,1
104364,LODGE SMALL SIZZLE GRILL PAN,24873,9,7
104371,SAM-FNL TW PI PRINC. PLUME HB,23347,82,24
104377,CUSNRT HOTAIR PPCN PPR WHT CAN,1002916,50,14
104381,LODGE LRG SIZZLE GRILL PAN,4645,28.2,10
104389,SAM-FNL FU PI PRINC. PLUME HB,26707,13.5,27
104392,RPL TORY NUBS S/4,23347,13.5,24
104395,FACET CLEAR ACRYLIC COOLER18OZ,1002916,6.75,13
104399,***CH LOW RIDER BOOKCASE BOX 2,4645,57.62,7
104404,CUISINRT ELITE FD PRCR 12C CAN,1002916,1,2
104407,CANVAS GARDEN TOTE,1000337,55.05,16
104411,HEDGEHOG NIGHTLIGHT,26831,55,7
104426,WINE ORNAMENTS ASSORTED,1002916,21,23
104429,HC MY BABY BOOK,1002916,60,12
104430,CANVAS WORK APRON,1000337,8,31
104435,LIPS ON EDGE 23X23,24777,55,24
104437,LITTLE GOLDEN CLASSICS BOOK,25410,27.5,26
104449,RPL AVENUE CTBL FOOT PDS S/2,26831,60,28
104450,CANVAS LAUNDRY BAG,26061,6,12
104453,ELEPHANT NIGHTLIGHT,21686,21.1,17
104462,GIRAFFE NIGHTLIGHT,25410,9.5,28
104465,STEAMER STANDING BAR P1,25410,55,28
104473,***GY CLASS ACT LEATHER DESK C,21686,11.62,11
104477,"NS SEGURO 54"" MEDIA CONSOLE",9142,55,24
104483,CB2 SMPL 3-SEAT SOFA GREY,25600,10.9,12
104485,DARK BLUE FLOWER DRAWER PULL,25600,16,28
104499,MARIN BIRDS DINNER,9142,60,19
104500,NS SILHOUETTE SF MAYA TA N6767,1002909,1.25,29
104504,MARIN BIRDS SALAD,9142,3.75,3
104509,STEAMER STANDING BAR P2,9142,30.75,29
104512,MARIN BIRDS PLATTER,9142,13.8,5
104514,FACET CLEAR ACRYLIC DOF 12OZ,21686,14,7
104523,"RPL SEGURO 54"" MEDIA CNSL SHLF",9142,11,15
104527,FACET AQUA ACRYLIC DOF 12OZ,9142,25,3
104534,***AW PARKER PLAY CHAIR,1002909,8.9,3
104538,WELCOME DINNER,24131,24,2
104545,MAXINE STANDING BAR P1,26222,32,18
104545,MAXINE STANDING BAR P1,1002909,8.13,20
104546,WELCOME SALAD,4645,3,4
104551,NO PLACE BRUSHES FINGER PAINTS,2950,11.3,25
104554,WELCOME BOWL,1002909,11.13,11
104556,MAXINE STANDING BAR P2,1002468,27.63,31
104558,ROJO MEDIA STORAGE CABINET,4645,36.05,11
104562,WELCOME SMALL BOWL,22191,23,12
104566,PLAYER B NATURAL PHOOS RPL,26713,59,24
104575,MATTE BLACK GROWLER 64OZ,25926,88,17
104585,***MB PARKER PLAY CHAIR,26222,2,30
104588,WELCOME WHITE PINCH POT,21686,10.5,11
104591,SHINY WHITE SQUEALER 32OZ,25926,84.5,3
104593,NS:BRIGHTON COF WARDROBE P1 C2,1002909,8,19
104596,WELCOME PITCHER,25926,30.12,27
104600,WELCOME PLATTER,24707,15.5,24
104607,NS:BRIGHTON COF WARDROBE P2 C2,26222,3.5,6
104613,GY SNUGGLE UP BABY BLANKET,25926,26,25
104619,WELCOME WHITE LOW SERVE BOWL,24403,3.5,14
104627,WELCOME LARGE SERVE BOWL,21143,15,7
104635,WELCOME SMALL SERVE BOWL,21686,10.87,9
104646,LA SNUGGLE UP BABY BLANKET,21686,36.62,30
104648,SAMPLE LOW SHELVING UNIT 3HIGH,26222,36.62,15
104657,"63"" WH RUFFLE PANEL",4645,8,16
104662,"84"" WH RUFFLE PANEL",21686,8,26
104676,"96"" WH RUFFLE PANEL",9619,6.25,1
104682,LE CREUSET OBLONG GRLPN TRUFFL,27166,30.25,11
104685,"CREWCUT APP PLATE SHALE 5.75""",18261,37,32
104701,1253-EEC AXIS CNR SC ONLY,1002909,6.25,3
104708,"CREWCUT APP PLATE YELLOW 5.75""",4645,1.25,3
104716,X-MAS BOOTH S/20,17840,5.4,4
104724,*FR: VELVET FLOOR CUSHN BERRY,18083,15,13
104732,*FR: VELVET FLOOR CUSHN BLGRN,9619,3,13
104751,COAST TABLE LAMP,4645,3.7,28
104752,1253-ELB/ELC AXIS LA CH SC,5683,53.75,11
104755,COSMIC,4645,2.99,11
104758,*FR: VELVET FLOOR CUSHION GREY,18261,14.12,15
104763,ASSORTED VEGGIE SKEWERS,100042,23.87,28
104766,SNAIL MAILBOX,4645,16,17
104772,***LH PARKER PLAY CHAIR,1002909,12.5,23
104773,"***63"" PI RUFFLE PANEL",1002909,13.5,27
104774,SW-WT DISTRICT,4645,9.5,26
104788,TAOS TABLE LAMP,4645,16,3
104791,"***84"" PI RUFFLE PANEL",25910,26,6
104813,N2777 ELLYSON SF,18261,10.6,3
104820,NS ELSA MUG LIGHT GREEN 16 OZ,18083,14.2,31
104826,***TD WH TRAFFIC JAM SHT SET,1002909,15.7,12
104838,"***96"" PI RUFFLE PANEL",25910,13,32
104839,GROWLER CAPS S/6,18083,5.75,28
104844,***LPI PARKER PLAY CHAIR,1002909,19.5,6
104847,SW-WH DISTRICT,18261,5.75,18
104855,SW-GY DISTRICT,26689,14.25,19
104863,SW-OR DISTRICT,25910,22.67,23
104865,"***63"" LA RUFFLE PANEL",1002611,21.9,18
104870,SW-MB DISTRICT,25910,23.62,31
104878,BLACK ARC TABLE LAMP,27111,11,32
104881,"***84"" LA RUFFLE PANEL",25910,47,10
104889,NS ELSA MUG WITH SAUCER 16 OZ,1578,23,31
104897,FP-DISTRICT 2-CUBE HARDWARE,25910,15.3,22
104901,"***96"" LA RUFFLE PANEL",1000110,15.74,7
104902,NS ELSA ESPRESSO W SAUCER 4 OZ,26689,15,32
104909,***YE PARKER PLAY CHAIR,4645,14.3,18
104916,TRIO FLOOR LAMP BRUSHED BRASS,18261,2,27
104925,***MB STORAGE CHAIR,25910,36,18
104928,N2772 ELLYSON CH,24264,13.6,27
104936,FP-DISTRICT 3-CUBE HARDWARE,25910,45,30
104950,***ES STORAGE CHAIR,27190,5.1,25
104954,***CR WH TRAFFIC JAM FTD SHT,25910,11.9,29
104957,CRIB RED CHICKS LAUNDRY BAG,100078,15.5,27
104966,***CR WH TRAFFIC JAM CHNGR CVR,24361,1.4,23
104971,SW WH RUFFLE PANEL,18261,15,5
104973,CRIB GREEN SEERSUCKER BUMPER,26689,2,26
104976,***1 BIN AW STORAGEPALOOZA,4645,2,29
104978,NS ELSA MILK JUG 22 OZ,27190,2,6
104986,N2771 ELLYSON OT,4645,14.4,7
104997,***SW PI RUFFLE PANEL,18083,2,11
105000,***LH STORAGE CHAIR,26689,22.3,24
105006,HEMSTAD CHAIR CHROME,4645,14.4,27
105011,***SW LA RUFFLE PANEL,1000110,7.25,13
105013,NS PIC-NIC BOX,27166,4,30
105018,***LG STORAGE CHAIR,21891,15.2,17
105020,N2777S ELLYSON QSL,4645,4.4,17
105034,***PI STORAGE CHAIR,1000110,15,24
105039,CANDY/JELLY/DPFRY THERMOMETER,2950,29.3,5
105046,NV X PRINT ENTRY NOD CHAIR CVR,25741,15,14
105047,N2437 ELLYSON RA CHS,26689,38,8
105052,EAO POST SCONCE,4645,3.9,16
105055,N2438 ELLYSON LA CHS,21552,15,3
105061,PR NV X PRINT ENTRY NOD CHAIR,27166,9.9,17
105063,N2441 ELLYSON RA LV,4645,8,26
105070,POLDER DUAL SENSOR OVEN THERMR,2950,9.5,22
105076,TAURUS COAT HOOK NEW,4645,4.5,26
105082,CR GR WOMB WITH VIEW FITTED SH,4645,24,27
105085,***1 BIN FB STORAGEPALOOZA,18261,24.25,22
105086,EAO DOUBLE POST SCONCE,27155,6,3
105093,SP/681-213 MILO CLASSIC LNG CH,27155,23,2
105095,4X6 OR GR CANYON RUG,26689,4.4,24
105097,N2422 ELLYSON LA LV,4645,15,18
105102,N2493 ELLYSON RA CNR SF,23081,18.25,7
105115,STREETER SWCH 0615-CSB,4645,4,20
105130,5X8 OR GR CANYON RUG,18261,14.87,30
105132,***TO STORAGE CHAIR,24736,15,21
105136,LEAVEIN MINI STEAK THERMOMETER,4645,39,16
105140,***WH STORAGE CHAIR,18261,15,17
105144,G-RAFFE RUNNER 2.5'X8',4645,14,32
105148,8X10 OR GR CANYON RUG,18261,23,8
105152,MONTAGE REPLACEMENT HRDWR PACK,4645,67,14
105158,GLASS BEVERAGE DISPENSER 7QT,22406,8.5,29
105166,***YE STORAGE CHAIR,4645,67,8
105169,EAO TRAP NEUTRAL RUNNER 2.5X8,23702,23.5,11
105172,EAO TRAP NEUTRAL RUG 8X10,100161,45,12
105174,NS STREETER SWCH 0615-CSB,1545,8.75,10
105186,RPL ESTILO SHELF PINS S/4,23702,4.4,3
105189,GAME TIM BL HNDLOMD RG 5X8,4645,9,23
105191,***CH PARKER DESK CHAIR,1545,24.25,31
105194,LEAVEIN MINI PLTRY THERMOMETER,24837,9.5,17
105204,***ES PARKER DESK CHAIR,23081,32,19
105207,EAC GAME TIME BL HNDLM RG 8X10,857,48.4,30
105209,LEAVEIN MINI PORK THERMOMETER,100036,45,18
105210,SMP ELKE COFFEE ROUND MARBLE T,18261,45,5
105221,***HO PARKER DESK CHAIR,100036,36.75,19
105224,SMP ELKE SIDE ROUND MARBLE TOP,18261,61,19
105225,PEAK BURNING CANDLE SMALL,18261,15,19
105232,SAMPLE ELKE CONSOLE MARBLE TOP,100036,2.75,5
105239,***NA PARKER DESK CHAIR,935,15,31
105255,***WH PARKER DESK CHAIR,100157,30.75,6
105258,HAND KNOTTED STAINED GLASS 5X8,4645,95.2,1
105259,CROSSHATCH RAISED SERVER TALL,18261,4,3
105263,***WH JENNY LIND DESK CHAIR,23081,11.1,29
105267,CROSSHATCH RAISED SERVER SHORT,18261,15,14
105275,TABLETOP IRONING BOARD W/RACK,24251,80,15
105286,EAC HAND KNTTD STND GLASS 8X10,24984,99,19
105288,SAMPLE BASQUE COUNTER HGT TBL,18261,36.5,17
105290,"DOT CANDY RUNNER 14""X90""",100156,1.4,8
105292,ORVILLE IVORY RUG 5X8,24251,59,13
105302,***WH CHELSEA CHAIR,24251,30.25,13
105303,EAC ORVILLE IVORY RUG 8X10,23081,2.75,12
105306,RAINBOW RAINDROPS WALL DECAL,1000119,30.25,32
105314,SQUARE POTTED SUCCULENT SHORT,18261,96,7
105320,CB2 SMPL INDIE BED QUEEN,24984,2.75,30
105322,SQUARE POTTED SUCCULENT MEDIUM,24251,48,25
105326,VALET JUTE RUG 6X9,18261,35,2
105332,4X6 NA SAHARA RUG,100156,24,8
105338,CB2 SMPL SLEEPY HOLLOW BD TWN,1578,2.25,30
105346,CB2 SMPL SLEEPY HOLLOW WRDROBE,22446,57,13
105348,SQUARE POTTED SUCCULENT TALL,23242,35,3
105356,BIRD PLANTER,18261,35,20
105362,5X8 NA SAHARA RUG,25064,61,24
105363,CB2 SMPL COCONUT BED QUEEN WHT,25009,17.4,14
105364,ROUND ZINC PLANTER LARGE,1578,38,25
105372,ROUND ZINC PLANTER SMALL,901,17.37,17
105374,EAC VALET JUTE RUG 9X12,24984,34,4
105376,SP/*MARGOT SEC-LA CNR/RA LV,22305,99,20
105386,8X10 NA SAHARA RUG,25887,26,12
105387,CD ROBERTS JUNGLE GYM,24984,16.14,31
105389,CB2 SMPL REUNION DNG TBL ESP,25666,63,23
105397,CB2 SMPL INDIE CREDENZA,25009,15,18
105398,ROUND ZINC FLOOR PLANTER SMALL,25666,99,1
105401,CB2 SMPL INDIE HIGH DNG TBL,25009,35.75,8
105403,ROUND ZINC FLOOR PLANTER LARGE,25666,3.5,29
105409,***1 BIN MB STORAGEPALOOZA,24837,1.13,12
105410,ZINC RAIL HOOK,25009,2.6,8
105417,***1 BIN LH STORAGEPALOOZA,5469,73,5
105419,CB2 SMPL ZEBRA DINING CHAIR,26741,47,6
105421,4X6 MU SEQUENCE RUG,24528,1.13,23
105425,***1 BIN ES STORAGEPALOOZA,26831,1.13,24
105429,ZINC RECTANGULAR OVAL PLANTER,26831,3.8,4
105433,***1 BIN LG STORAGEPALOOZA,24528,5.87,10
105435,CB2 SMPL DIEGO DNG CHAIR BLACK,24685,61.2,15
105436,EAO SUMMIT BED QUEEN P1,1001466,1.13,26
105437,SLANT PLANTER TALL LIGHT GRAY,25910,15.37,13
105442,***1 BIN PI STORAGEPALOOZA,26741,11.87,27
105444,"CB2 SMPL DIEGO BRSTL BLK 30""",25910,110,4
105448,EAO SUMMIT BED QUEEN P2,23124,86,4
105450,***1 BIN TO STORAGEPALOOZA,25535,96,8
105452,"CB2 SMPL DIEGO BRSTL BLK 24""",26741,5.5,6
105453,GREEN BIRDHOUSE,25910,1.13,3
105460,CB2 SMPL PONY DINING CHAIR,24837,1.13,4
105461,EAC VALET JUTE RUNNER 2.5X8,23124,10.75,22
105468,***1 BIN WH STORAGEPALOOZA,24837,1.13,32
105476,***2 BIN AW STORAGEPALOOZA,25451,30.5,30
105478,"CB2 SMPL SADDLE BARSTOOL 24""",25910,24.25,22
105479,STRAWBERRY/SUCCULENT POT,24837,25.8,28
105484,***2 BIN FB STORAGEPALOOZA,25451,24.25,6
105486,"CB2 SMPL SADDLE BARSTOOL 30""",2950,1.13,20
105487,GARDEN BALL SMALL,25910,47.5,28
105495,GARDEN BALL LARGE,4645,24.25,16
105498,5X8 MU SEQUENCE RUG,26741,27.75,13
105498,5X8 MU SEQUENCE RUG,25910,24.25,24
105501,EAO BLK & WHT CHECK 5X8,25451,1.13,13
105503,FULL MADISON BED HARDWARE,26741,75,9
105506,***2 BIN MB STORAGEPALOOZA,26588,28.5,3
105508,CB2 SMPL SMART BAR MARBLE,4645,24.25,7
105510,EAC PEEKABOO LARGE CONSOLE TBL,26588,1.13,29
105510,EAC PEEKABOO LARGE CONSOLE TBL,26741,85,30
105514,***2 BIN LH STORAGEPALOOZA,1545,24.25,20
105516,CB2 SMPL ENVELOPE DNG CHR CRM,26762,1.13,28
105518,FESTIVE PLANTER SMALL WHITE,26855,5.5,24
105528,8X10 MU SEQUENCE RUG,26762,1.13,3
105531,***2 BIN ES STORAGEPALOOZA,26588,31,32
105533,CB2 SMPL KOO DINING CHAIR,26855,24.25,20
105534,FESTIVE PLANTER SMALL SEAGREEN,25451,41.5,26
105541,CB2 SMPL CHECK MATE CRDNZA ESP,22386,1.13,24
105542,EAO BLK & WHT CHECK 8X10,26588,10.8,6
105547,SAMPLE FELIX CHAIR GREY W/CHRM,22386,41.5,17
105549,***2 BIN LG STORAGEPALOOZA,24837,1.13,27
105555,END LINE RUG 2X3,26588,6.5,31
105556,RD & WHT WINTER VILLAGE G WRAP,23473,8,27
105557,***2 BIN PI STORAGEPALOOZA,26588,60,1
